{
  "logistic_regression": {
    "accuracy": 0.964973587972369,
    "precision": 0.965940902021773,
    "recall": 0.9669936166900203,
    "f1": 0.9664669726912005,
    "auc_roc": 0.9927200536282527,
    "confusion_matrix": [
      [
        5663,
        219
      ],
      [
        212,
        6211
      ]
    ]
  },
  "naive_bayes": {
    "accuracy": 0.9659488013002845,
    "precision": 0.98032,
    "recall": 0.9539156157558774,
    "f1": 0.9669375838396591,
    "auc_roc": 0.9963625281318841,
    "confusion_matrix": [
      [
        5759,
        123
      ],
      [
        296,
        6127
      ]
    ]
  },
  "random_forest": {
    "accuracy": 0.9593661113368549,
    "precision": 0.9511043412033511,
    "recall": 0.9721314027712906,
    "f1": 0.9615029257776408,
    "auc_roc": 0.9929810773855835,
    "confusion_matrix": [
      [
        5561,
        321
      ],
      [
        179,
        6244
      ]
    ]
  },
  "lightgbm_cost_tuned": {
    "accuracy": 0.9768386834620073,
    "precision": 0.9638754534461911,
    "recall": 0.9928382375836836,
    "f1": 0.9781424955901526,
    "auc_roc": 0.9979426198235758,
    "confusion_matrix": [
      [
        5643,
        239
      ],
      [
        46,
        6377
      ]
    ]
  }
}